<?xml version="1.0" encoding="UTF-8"?>
<project-private xmlns="http://www.netbeans.org/ns/project-private/1">
    <editor-bookmarks xmlns="http://www.netbeans.org/ns/editor-bookmarks/2" lastBookmarkId="0"/>
    <open-files xmlns="http://www.netbeans.org/ns/projectui-open-files/2">
        <group>
            <file>file:/C:/Users/HP/Desktop/CSC311_2019/TEACHING_2019/LAB%20SESSIONS/LAB01_21FEB_2019/Lab1_CodeScripts/HibernateExample/src/com/dube/model/Department.java</file>
            <file>file:/C:/Users/HP/Desktop/CSC311_2019/TEACHING_2019/LAB%20SESSIONS/LAB01_21FEB_2019/Lab1_CodeScripts/HibernateExample/src/com/dube/main/HibernateExample.java</file>
        </group>
    </open-files>
</project-private>
