<?xml version="1.0" encoding="utf-8"?>
<!DOCTYPE hibernate-configuration SYSTEM 
"http://www.hibernate.org/dtd/hibernate-configuration-3.0.dtd">

<hibernate-configuration>
   <session-factory>
       <property name="hibernate.hbm2ddl.auto">
      create-drop
   </property>
   <property name="hibernate.dialect">
      org.hibernate.dialect.MySQL5InnoDBDialect
   </property>

   <property name="hibernate.connection.driver_class">
      com.mysql.jdbc.Driver
   </property>
 
   
   <property name="hibernate.connection.url">
      jdbc:mysql://127.0.0.1:3306/employeeinformationsystem
   </property>
   
   <property name="hibernate.connection.username">
      root
   </property>
   <property name="hibernate.connection.password">
      csc311
   </property>

</session-factory>
</hibernate-configuration>
